{
  "3": "You are a small winged clockwork. Reduce your Health by 5 and your Size to 1/2. You can  y, but you must land at the end of your movement or fall. You are 3 feet tall and weigh 50 pounds.",
  "4": "You are a small spider-like clockwork with functional hands. Reduce your Size to 1/2. You ignore the effects of dif cult terrain when you climb. You are 3 feet tall and weigh 50 pounds.",
  "5": "You are a small spider-like clockwork with functional hands. Reduce your Size to 1/2. You ignore the effects of dif cult terrain when you climb. You are 3 feet tall and weigh 50 pounds.",
  "6": "You are a small humanoid clockwork. Reduce your Size to 1/2. You are 4 feet tall and weigh 75 pounds.",
  "7": "You are a small humanoid clockwork. Reduce your Size to 1/2. You are 4 feet tall and weigh 75 pounds.",
  "8": "You are a small humanoid clockwork. Reduce your Size to 1/2. You are 4 feet tall and weigh 75 pounds.",
  "9": "You are a small humanoid clockwork. Reduce your Size to 1/2. You are 4 feet tall and weigh 75 pounds.",
  "10": "You are a humanoid clockwork. You are 6 feet tall and weigh 300 pounds.",
  "11": "You are a humanoid clockwork. You are 6 feet tall and weigh 300 pounds.",
  "12": "You are a humanoid clockwork. You are 6 feet tall and weigh 300 pounds.",
  "13": "You are a humanoid clockwork. You are 6 feet tall and weigh 300 pounds.",
  "14": "You are a humanoid clockwork. You are 6 feet tall and weigh 300 pounds.",
  "15": "You are a humanoid clockwork. You are 6 feet tall and weigh 300 pounds.",
  "16": "You are a large humanoid clockwork. Increase your Size to 2, but reduce your Speed and your Defense by 2. You are 10 feet tall and weigh 750 pounds.",
  "17": "You are a large humanoid clockwork. Increase your Size to 2, but reduce your Speed and your Defense by 2. You are 10 feet tall and weigh 750 pounds.",
  "18": "You are a large clockwork with the lower body of a horse. Increase your Size to 2 and your Speed by 2. However, reduce your Defense by 3. You are 6 feet long, 6 feet tall, and weigh 750 pounds."
}
