{
  "_comment": "name credits: http://jarofgoggles.blogspot.com.br/",
  "names": ["Boilerplate", "Plink(er/y)",
"Bolt", "Plodder",
"Bucket", "Plug",
"Clack(er)", "Ratchet",
"Clank(er)", "Rivet",
"Clang(er)", "Rust(y)",
"Clunk(er/y)", "Scrapp(er/y)",
"Cog", "Socket",
"Copperpot", "Spanner",
"Crank(er/y)", "Spindle",
"Drillbit", "Spring",
"Gear", "Sprocket",
"Grind(er)", "Steel",
"Hammer", "Steeleye",
"Ironfist", "Steely",
"Ironheart", "Tarnish",
"Iron", "Maiden",
"Ironside", "Tin",
"Jangle", "Tinker",
"Pinwheel", "Toiler"],
  "strength": "9",
  "agility": "8",
  "intelect": "9",
  "will": "9",
  "size": "1",
  "speed": "8",
  "power": "0",
  "damage": "0",
  "insanity": "0",
  "corruption": "0",
  "languages": "Common Tongue"
}
