{
  "3": "You have a strange and unsettling appearance.",
  "4": "You appeared crude and ill-formed",
  "5": "You appear battered, broken, and in poor repair.",
  "6": "You appear battered, broken, and in poor repair.",
  "7": "You have no facial features or distinguishing markings.",
  "8": "You have no facial features or distinguishing markings.",
  "9": "You have a mere suggestion of facial features.",
  "10": "You have a mere suggestion of facial features.",
  "11": "You have a mere suggestion of facial features.",
  "12": "You have a mere suggestion of facial features.",
  "13": "You appear well made and good working condition",
  "14": "You appear well made and good working condition",
  "15": "You have a stylized and ornate body.",
  "16": "You have a stylized and ornate body.",
  "17": "You have an ornate body festooned with etchings and ornamental jewels.",
  "18": "YYou have an exquisite body festooned with elaborate etchings and ornamental jewels, and trimmed in precious metals. If dismantled, your body parts are worth 1d6 gc."
}
