{
  "3": "You are new, 5 years or younger",
  "4": "You are new, 5 years or younger",
  "5": "You are new, 5 years or younger",
  "6": "You are new, 5 years or younger",
  "7": "You are new, 5 years or younger",
  "8": "You are new, 5 years or younger",
  "9": "You are experienced, 6 to 10 years old",
  "10": "You are experienced, 6 to 10 years old",
  "11": "You are experienced, 6 to 10 years old",
  "12": "You are experienced, 6 to 10 years old",
  "13": "You are old, 11 to 50 years old",
  "14": "You are old, 11 to 50 years old",
  "15": "You are old, 11 to 50 years old",
  "16": "You are very old, 51 to 150 years old",
  "17": "You are very old, 51 to 150 years old",
  "18": "You are ancient, more than 150 years old"
}
