{
  "3": "You are short and spindly.",
  "4": "You are short and round.",
  "5": "You are short.",
  "6": "You are short.",
  "7": "You are wiry.",
  "8": "You are wiry.",
  "9": "You fall within the normal height and weight ranges for goblins.",
  "10": "You fall within the normal height and weight ranges for goblins.",
  "11": "You fall within the normal height and weight ranges for goblins.",
  "12": "You fall within the normal height and weight ranges for goblins.",
  "13": "You are pudgy.",
  "14": "You are pudgy.",
  "15": "You are tall.",
  "16": "You are tall.",
  "17": "You are tall and lanky.",
  "18": "You are very tall and heavy."
}
