{
  "3": "You are a bully and enjoy tormenting things that are weaker than you.",
  "4": "You like violence, especially when it’s random and senseless.",
  "5": "You try to rise above the filth and squalor of your people to do good in the world.",
  "6": "You try to rise above the filth and squalor of your people to do good in the world.",
  "7": "You love playing tricks on other people and find their pain hilarious!",
  "8": "You love playing tricks on other people and find their pain hilarious!",
  "9": "You look out for yourself. To hell with everyone else!",
  "10": "You look out for yourself. To hell with everyone else!",
  "11": "You look out for yourself. To hell with everyone else!",
  "12": "You look out for yourself. To hell with everyone else!",
  "13": "You' re just trying to stay alive!",
  "14": "You' re just trying to stay alive!",
  "15": "Your people didn’t deserve exile, but exile you got. You believe you will make places for yourselves and prove to those stinking elves they were wrong.",
  "16": "Your people didn’t deserve exile, but exile you got. You believe you will make places for yourselves and prove to those stinking elves they were wrong.",
  "17": "You live to serve the strong and mighty.",
  "18": "You hope to redeem"
}
