{
  "3": "You are a child, 6 years old or younger.",
  "4": "You are an adolescent, 7 to 10 years old.",
  "5": "You are an adolescent, 7 to 10 years old.",
  "6": "You are an adolescent, 7 to 10 years old.",
  "7": "You are an adolescent, 7 to 10 years old.",
  "8": "You are a young adult, 11 to 25 years old.",
  "9": "You are a young adult, 11 to 25 years old.",
  "10": "You are a young adult, 11 to 25 years old.",
  "11": "You are a young adult, 11 to 25 years old.",
  "12": "You are a young adult, 11 to 25 years old.",
  "13": "You are a middle-aged adult, 26 to 50 years old.",
  "14": "You are a middle-aged adult, 26 to 50 years old.",
  "15": "You are a middle-aged adult, 26 to 50 years old.",
  "16": "You are an older adult, 51 to 75 years old.",
  "17": "You are an older adult, 51 to 75 years old.",
  "18": "You are a venerable adult, 76 years or older."
}
