{
  "_comment": "name credits: http://jarofgoggles.blogspot.com.br/",
  "names": ["Barf", "Drool", "Retch",
"Belch", "Dung", "Scab",
"Bleb", "Fart", "Skulk",
"Blister", "Fester", "Sleaze",
"Blunder", "Filch", "Slime",
"Boil", "Fumble", "Slink",
"Booger", "Grime", "Slip",
"Botch", "Grope", "Slobber",
"Bubo", "Hack", "Slop",
"Bungle", "Lurch", "Sludge",
"Burp", "Muck", "Slush",
"Canker", "Mucus", "Smut",
"Cough", "Muddle", "Snivel",
"Creep", "Ooze", "Snot",
"Crud", "Pecker", "Spew",
"Dangle", "Phlegm", "Spittle",
"Dong", "Poop", "Squirm",
"Dreg", "Pox", "Vomit",
"Dribble", "Puke", "Welt",
"Drip", "Pus", "Wheeze"],
  "strength": "8",
  "agility": "12",
  "intelect": "10",
  "will": "9",
  "size": "1/2",
  "speed": "10",
  "power": "0",
  "damage": "0",
  "insanity": "0",
  "corruption": "0",
  "languages": "You speak the Common Tongue and Elvish."
}
