{
  "_comment": "name credits: http://jarofgoggles.blogspot.com.br/",
  "names": ["Adele", "Cliona", "Giselle", "Mor", "Adelard", "Cullen", "Hugh", "Reynard",
"Agnes", "Colleen", "Grainne", "Muirenn", "Aengus", "Declan", "Humphrey", "Richard",
"Aine", "Deirdre", "Griselda", "Muriel", "Aidan", "Devin", "James", "Riley",
"Aislinn", "Dervla", "Gunnora", "Neassa", "Alexander", "Donall", "John", "Robert",
"Albreda", "Doirin", "Hadwisa", "Niamh", "Amaury", "Dougal", "Kane", "Roger",
"Alice", "Donla", "Helewisa", "Nuala", "Anselm", "Douglas", "Keane", "Roland",
"Aline", "Dymphna", "Ida", "Oriel", "Ardal", "Eamon", "Kevan", "Ronan",
"Amabel", "Edith", "Isabella", "Rohesia", "Arthur", "Edmund", "Killian", "Rordan",
"Amice", "Edna", "Joan", "Roisin", "Audrey", "Euan", "Lochlan", "Rory",
"Ascelina", "Eleanor", "Juliana", "Rosalind", "Bernard", "Eustace", "Lugh", "Rowan",
"Avelina", "Ella", "Katherine", "Rosamund", "Bran", "Evan", "Luke", "Seamus",
"Avice", "Elysande", "Kiera", "Sabina", "Breandan", "Fergus", "Maynard", "Sean",
"Basilia", "Emma", "Leticia", "Sara", "Brian", "Finn", "Niall", "Stephen",
"Beatrice", "Emmeline", "Lucy", "Saraid", "Bron", "Geoffrey", "Nicholas", "Timm",
"Brenda", "Ermintrude", "Mabel", "Sinead", "Cathal", "Gervase", "Osbert", "Ultan",
"Bridget", "Evelin", "Maeve", "Siobhan", "Charles", "Gilbert", "Oscar", "Walter",
"Caitlin", "Felicia", "Margaret", "Sorcha", "Ciaran", "Guy", "Patrick", "Warner",
"Catriona", "Fidelma", "Margery", "Tanith", "Colm", "Henry", "Peter", "Warren",
"Cecily", "Finela", "Matilda", "Una", "Connor", "Herman", "Philip", "William",
"Claramund", "Fiona", "Millicent", "Yvonne", "Cormac", "Hubert", "Ralph", "Wymund"],
  "strength": "10",
  "agility": "10",
  "intelect": "10",
  "will": "10",
  "size": "1/2 or 1",
  "speed": "10",
  "power": "0",
  "damage": "0",
  "insanity": "0",
  "corruption": "0",
  "languages": "Common Tongue"
}
