{
  "3": "You belong to a cult dedicated to a dark power.",
  "4": "You belong to a heretical sect.",
  "5": "You were raised in the teachings of witchcraft.",
  "6": "You were raised in the teachings of witchcraft.",
  "7": "You follow the tenets of the Old Faith.",
  "8": "You follow the tenets of the Old Faith.",
  "9": "You follow the tenets of the Old Faith.",
  "10": "You follow the tenets of the Old Faith.",
  "11": "You belong to the Cult of the New God.",
  "12": "You belong to the Cult of the New God.",
  "13": "You belong to the Cult of the New God.",
  "14": "You belong to the Cult of the New God.",
  "15": "You belong to the Cult of the New God.",
  "16": "You have no religion.",
  "17": "You have no religion.",
  "18": "You have no religion."
}
