{
  "3": "You are cruel, wicked, and self-serving. You enjoy making others suffer.",
  "4": "You are erratic and unpredictable. You have a hard time keeping your word and tend toward capricious behavior.",
  "5": "Might makes right. Obedience to authority is the highest ideal.",
  "6": "Might makes right. Obedience to authority is the highest ideal.",
  "7": "You look after yourself first and foremost. You're not above double-crossing friends.",
  "8": "You look after yourself first and foremost. You're not above double-crossing friends.",
  "9": "You put your interests and those of your friends above all else.",
  "10": "You put your interests and those of your friends above all else.",
  "11": "You put your interests and those of your friends above all else.",
  "12": "You put your interests and those of your friends above all else.",
  "13": "You help others because it's the right thing to do.",
  "14": "You help others because it's the right thing to do.",
  "15": "You try to do what you think is right, even if it breaks laws and social conventions.",
  "16": "You try to do what you think is right, even if it breaks laws and social conventions.",
  "17": "Your honor and duty guide everything you do.",
  "18": "You are committed to good and noble causes, and you never stray from your beliefs even if your refusal would cost you your life."
}
