{
  "3": "You are short and scrawny.",
  "4": "You are short and fat",
  "5": "You are short and fat",
  "6": "You are short and fat",
  "7": "You stand a bit shorter than other dwarfs.",
  "8": "You stand a bit shorter than other dwarfs.",
  "9": "You are average in height and build.",
  "10": "You are average in height and build.",
  "11": "You are average in height and build.",
  "12": "You are average in height and build.",
  "13": "You have a magni cent belly.",
  "14": "You have a magni cent belly.",
  "15": "You have a magni cent belly.",
  "16": "You are tall",
  "17": "You are tall",
  "18": "You are tall and heavy."
}
