{
  "_comment": "name credits: http://jarofgoggles.blogspot.com.br/",
  "names": ["Ada", "Heida", "Adelsten", "Gunnar",
"Anise", "Helga", "Aki", "Guntur",
"Annika", "Hilda", "Alrik", "Halsten",
"Asta", "Ilse", "Baggi", "Helmut",
"Ava", "Irma", "Benno", "Hersten",
"Bertha", "Linda", "Broddi", "Horst",
"Borghild", "Maud", "Bruno", "Karl",
"Bothild", "Minna", "Diederik", "Knut",
"Brunhild", "Oda", "Dieter", "Konrad",
"Dagmar", "Olga", "Dirk", "Kurt",
"Dagny", "Ragenborg", "Egil", "Lothar",
"Ebba", "Ragenhild", "Einar", "Odo",
"Erika", "Runa", "Erik", "Olaf",
"Fredrika", "Sieghild", "Ernst", "Ragnar",
"Gerda", "Signy", "Franz", "Rune",
"Gerhild", "Sigrid", "Frederik", "Rutger",
"Grete", "Solveig", "Frode", "Sten",
"Grimhild", "Ulla", "Gerulf", "Stig",
"Gunborg", "Ulrika", "Grim", "Ulrik",
"Gunhild", "Verna", "Gull", "Waldo"],
  "strength": "10",
  "agility": "9",
  "intelect": "10",
  "will": "10",
  "size": "1/2",
  "speed": "8",
  "power": "0",
  "damage": "0",
  "insanity": "0",
  "corruption": "0",
  "languages": "You speak the Common Tongue, and you speak, read, and write Dwarfish."
}
