{
  "3": "You are a child, 20 years old or younger.",
  "4": "You are an adolescent, 20 to 30 years old",
  "5": "You are an adolescent, 20 to 30 years old",
  "6": "You are an adolescent, 20 to 30 years old",
  "7": "You are an adolescent, 20 to 30 years old",
  "8": "You are a young adult, 31 to 50 years old.",
  "9": "You are a young adult, 31 to 50 years old.",
  "10": "You are a young adult, 31 to 50 years old.",
  "11": "You are a young adult, 31 to 50 years old.",
  "12": "You are a young adult, 31 to 50 years old.",
  "13": "You are a middle-aged adult, 51 to 100 years old.",
  "14": "You are a middle-aged adult, 51 to 100 years old.",
  "15": "You are a middle-aged adult, 51 to 100 years old.",
  "16": "You are an older adult, 101 to 150 years old.",
  "17": "You are an older adult, 101 to 150 years old.",
  "18": "You are a venerable adult, 151 years or older."
}
