{
  "3": "You have a monstrous appearance, likely due to hard living and several near misses. Your face is a mass of scar tissue, probably missing an ear, an eye, or your nose. You also display some unusual habit, such as pounding nails into your skull or greasing your body with troll fat.",
  "4": "You have a monstrous appearance, likely due to hard living and several near misses. Your face is a mass of scar tissue, probably missing an ear, an eye, or your nose. You also display some unusual habit, such as pounding nails into your skull or greasing your body with troll fat.",
  "5": "You have several interesting features that work together to make you one ugly brute. Filth from digging in the dirt, mites infesting your hair, skin lashed with healing scars, and a rich aroma of vomit—all these contribute to your distinctive style.",
  "6": "You have several interesting features that work together to make you one ugly brute. Filth from digging in the dirt, mites infesting your hair, skin lashed with healing scars, and a rich aroma of vomit—all these contribute to your distinctive style.",
  "7": "You look like a typical dwarf, being hairy, portly, and grubby.",
  "8": "You look like a typical dwarf, being hairy, portly, and grubby.",
  "9": "You take a bit better care of yourself and keep your facial hair well groomed.",
  "10": "You take a bit better care of yourself and keep your facial hair well groomed.",
  "11": "You take a bit better care of yourself and keep your facial hair well groomed.",
  "12": "You take pride in your appearance. You stay clean, oil your facial hair, and perhaps braid it or tie it with metal rings.",
  "13": "You take pride in your appearance. You stay clean, oil your facial hair, and perhaps braid it or tie it with metal rings.",
  "14": "You take pride in your appearance. You stay clean, oil your facial hair, and perhaps braid it or tie it with metal rings.",
  "15": "You take pride in your appearance. You stay clean, oil your facial hair, and perhaps braid it or tie it with metal rings.",
  "16": "You are quite fetching for a dwarf. You have regal features, good bearing, and a deep voice. Like other dwarfs, you take pride in your appearance.",
  "17": "You are quite fetching for a dwarf. You have regal features, good bearing, and a deep voice. Like other dwarfs, you take pride in your appearance.",
  "18": "You are quite fetching for a dwarf. You have regal features, good bearing, and a deep voice. Like other dwarfs, you take pride in your appearance."
}
