{
  "_comment": "name credits: http://jarofgoggles.blogspot.com.br/",
  "names": ["Bane", "Gash", "Rage",
"Bash", "Gouge", "Reek",
"Bastard", "Grub", "Rend",
"Biter", "Grudge", "Ripper",
"Blister", "Grunge", "Scorn",
"Bruiser", "Hack", "Scourge",
"Brute", "Hate", "Scum",
"Bunion", "Hound", "Slasher",
"Butcher", "Killer", "Slayer",
"Chopper", "Lash", "Slicer",
"Cleaver", "Lump", "Sludge",
"Crud", "Mangler", "Smash",
"Crusher", "Mauler", "Spite",
"Cutter", "Mongrel", "Stench",
"Dog", "Mule", "Thing",
"Dread", "Mung", "Thrall",
"Dreg", "Murk", "Tumor",
"Drudge", "Mutt", "Welt",
"Dung", "Pliers", "Wossname",
"Flayer", "Pung", "Wotsit"],
  "strength": "11",
  "agility": "10",
  "intelect": "9",
  "will": "9",
  "size": "1",
  "speed": "12",
  "power": "0",
  "damage": "0",
  "insanity": "0",
  "corruption": "1",
  "languages": "You speak the Common Tongue and Dark Speech."
}
