{
  "3": "You are short and wiry.",
  "4": "You are short and muscular.",
  "5": "You are short.",
  "6": "You are short.",
  "7": "You are thin.",
  "8": "You are thin.",
  "9": "You have an average height and weight.",
  "10": "You have an average height and weight.",
  "11": "You have an average height and weight.",
  "12": "You have an average height and weight.",
  "13": "You are corpulent.",
  "14": "You are corpulent.",
  "15": "You are tall.",
  "16": "You are tall.",
  "17": "You are tall and gaunt.",
  "18": "You are a giant among orcs."
}
