{
  "_comment": "name credits: http://jarofgoggles.blogspot.com.br/",
  "names": ["Antic", "Joy",
"Bliss", "Keen",
"Bluff", "Madcap",
"Blur", "Mask",
"Chicane", "Mirage",
"Cloak", "Mirth",
"Coy", "Mist",
"Demure", "Rook",
"Eclipse", "Savvy",
"Euphoria", "Shade",
"Finesse", "Shadow",
"Fool", "Sham",
"Glee", "Sharp",
"Gloom", "Shy",
"Guile", "Slick",
"Harlequin", "Sly",
"Hoax", "Swindle",
"Jester", "Trick",
"Joker", "Veil",
"Jolly", "Vision"],
  "strength": "9",
  "agility": "10",
  "intelect": "10",
  "will": "10",
  "size": "1",
  "speed": "10",
  "power": "0",
  "damage": "0",
  "insanity": "0",
  "corruption": "0",
  "languages": "Common Tongue"
}
